LoanYear,LoanMonth,DistrictID,Duration,StatusID,LoanCount,MaxAmount,MinAmount,TotalAmount,AverageAmount
1993,7,30,12,B,1,96396.0,96396.0,96396.0,96396.0
1993,7,45,60,A,1,127080.0,127080.0,127080.0,127080.0
1993,7,46,36,A,1,165960.0,165960.0,165960.0,165960.0
1993,8,12,36,A,1,105804.0,105804.0,105804.0,105804.0
1993,9,1,60,A,1,274740.0,274740.0,274740.0,274740.0
1993,9,13,24,A,1,87840.0,87840.0,87840.0,87840.0
1993,9,15,12,A,1,52788.0,52788.0,52788.0,52788.0
1993,9,24,24,B,1,174744.0,174744.0,174744.0,174744.0
1993,10,18,48,A,1,154416.0,154416.0,154416.0,154416.0
1993,11,14,24,A,1,117024.0,117024.0,117024.0,117024.0
1993,11,44,24,A,1,79608.0,79608.0,79608.0,79608.0
1993,11,55,36,A,1,21924.0,21924.0,21924.0,21924.0
1993,12,1,12,A,1,38148.0,38148.0,38148.0,38148.0
1993,12,11,12,A,1,86616.0,86616.0,86616.0,86616.0
1993,12,49,36,A,1,95400.0,95400.0,95400.0,95400.0
1993,12,54,24,B,1,75624.0,75624.0,75624.0,75624.0
1993,12,6,60,B,1,464520.0,464520.0,464520.0,464520.0
1993,12,63,36,A,1,93888.0,93888.0,93888.0,93888.0
1993,12,64,12,A,1,47016.0,47016.0,47016.0,47016.0
1993,12,68,60,A,1,259740.0,259740.0,259740.0,259740.0
1994,1,1,12,A,1,24516.0,24516.0,24516.0,24516.0
1994,1,1,24,A,2,80952.0,80952.0,161904.0,80952.0
1994,1,1,36,A,1,108144.0,108144.0,108144.0,108144.0
1994,1,4,24,A,1,21072.0,21072.0,21072.0,21072.0
1994,1,68,60,C,1,253200.0,253200.0,253200.0,253200.0
1994,2,1,12,A,1,78936.0,78936.0,78936.0,78936.0
1994,2,11,48,A,1,149040.0,149040.0,149040.0,149040.0
1994,2,24,12,B,1,49320.0,49320.0,49320.0,49320.0
1994,2,40,60,C,1,300660.0,300660.0,300660.0,300660.0
1994,2,50,36,A,1,197748.0,197748.0,197748.0,197748.0
1994,3,38,36,A,1,212400.0,212400.0,212400.0,212400.0
1994,3,39,24,A,1,91200.0,91200.0,91200.0,91200.0
1994,3,48,24,A,1,7656.0,7656.0,7656.0,7656.0
1994,3,64,24,A,1,55368.0,55368.0,55368.0,55368.0
1994,3,7,12,A,1,91632.0,91632.0,91632.0,91632.0
1994,3,74,24,A,1,51696.0,51696.0,51696.0,51696.0
1994,3,75,36,A,1,182628.0,182628.0,182628.0,182628.0
1994,4,44,60,C,1,149340.0,149340.0,149340.0,149340.0
1994,4,54,12,A,1,65184.0,65184.0,65184.0,65184.0
1994,4,62,60,C,1,167100.0,167100.0,167100.0,167100.0
1994,5,1,36,B,1,215388.0,215388.0,215388.0,215388.0
1994,5,10,60,C,1,272520.0,272520.0,272520.0,272520.0
1994,5,11,12,A,1,80340.0,80340.0,80340.0,80340.0
1994,5,12,12,B,1,76908.0,76908.0,76908.0,76908.0
1994,5,16,12,A,1,24312.0,24312.0,24312.0,24312.0
1994,5,20,12,A,1,97632.0,97632.0,97632.0,97632.0
1994,5,23,48,A,1,196080.0,196080.0,196080.0,196080.0
1994,5,4,48,A,1,63312.0,63312.0,63312.0,63312.0
1994,5,41,24,A,1,25944.0,25944.0,25944.0,25944.0
1994,5,66,12,A,1,104808.0,104808.0,104808.0,104808.0
1994,5,72,36,A,1,193968.0,193968.0,193968.0,193968.0
1994,5,77,60,C,1,89040.0,89040.0,89040.0,89040.0
1994,6,1,24,A,1,91584.0,91584.0,91584.0,91584.0
1994,6,1,48,A,1,208320.0,208320.0,208320.0,208320.0
1994,6,1,60,C,1,288360.0,288360.0,288360.0,288360.0
1994,6,11,48,A,1,69360.0,69360.0,69360.0,69360.0
1994,6,15,48,B,1,87216.0,87216.0,87216.0,87216.0
1994,6,27,36,A,1,300204.0,300204.0,300204.0,300204.0
1994,6,30,24,A,1,52128.0,52128.0,52128.0,52128.0
1994,6,34,24,B,1,174744.0,174744.0,174744.0,174744.0
1994,6,38,24,A,1,87360.0,87360.0,87360.0,87360.0
1994,6,40,60,C,1,239460.0,239460.0,239460.0,239460.0
1994,6,44,12,A,1,77640.0,77640.0,77640.0,77640.0
1994,6,56,60,C,1,244560.0,244560.0,244560.0,244560.0
1994,6,66,24,A,1,151560.0,151560.0,151560.0,151560.0
1994,7,1,12,A,1,39576.0,39576.0,39576.0,39576.0
1994,7,1,36,A,1,131292.0,131292.0,131292.0,131292.0
1994,7,1,60,D,1,252060.0,252060.0,252060.0,252060.0
1994,7,11,60,C,1,50460.0,50460.0,50460.0,50460.0
1994,7,12,24,A,1,143904.0,143904.0,143904.0,143904.0
1994,7,19,24,A,1,111384.0,111384.0,111384.0,111384.0
1994,7,45,36,A,1,74736.0,74736.0,74736.0,74736.0
1994,7,54,48,B,1,208128.0,208128.0,208128.0,208128.0
1994,7,56,36,B,1,276660.0,276660.0,276660.0,276660.0
1994,7,63,12,A,1,4980.0,4980.0,4980.0,4980.0
1994,7,67,36,B,1,299088.0,299088.0,299088.0,299088.0
1994,7,77,24,A,1,173808.0,173808.0,173808.0,173808.0
1994,8,1,36,A,1,120888.0,120888.0,120888.0,120888.0
1994,8,1,48,A,1,323472.0,323472.0,323472.0,323472.0
1994,8,10,48,A,1,172080.0,172080.0,172080.0,172080.0
1994,8,23,12,A,1,74688.0,74688.0,74688.0,74688.0
1994,8,31,36,A,1,224604.0,224604.0,224604.0,224604.0
1994,8,47,60,C,1,189300.0,189300.0,189300.0,189300.0
1994,8,55,12,A,1,14628.0,14628.0,14628.0,14628.0
1994,8,55,24,A,1,121896.0,121896.0,121896.0,121896.0
1994,8,66,24,A,1,79632.0,79632.0,79632.0,79632.0
1994,8,67,12,A,1,45768.0,45768.0,45768.0,45768.0
1994,9,32,12,A,1,87816.0,87816.0,87816.0,87816.0
1994,9,38,12,A,1,23628.0,23628.0,23628.0,23628.0
1994,9,50,24,A,1,141240.0,141240.0,141240.0,141240.0
1994,9,52,48,A,1,209184.0,209184.0,209184.0,209184.0
1994,9,54,12,A,1,23052.0,23052.0,23052.0,23052.0
1994,9,55,12,A,1,71460.0,71460.0,71460.0,71460.0
1994,9,60,12,A,1,82896.0,82896.0,82896.0,82896.0
1994,9,60,24,B,1,189696.0,189696.0,189696.0,189696.0
1994,9,68,12,A,1,41904.0,41904.0,41904.0,41904.0
1994,9,74,36,B,1,230220.0,230220.0,230220.0,230220.0
1994,10,1,24,A,1,11736.0,11736.0,11736.0,11736.0
1994,10,16,24,A,1,170256.0,170256.0,170256.0,170256.0
1994,10,60,36,A,1,192744.0,192744.0,192744.0,192744.0
1994,10,64,36,A,1,227880.0,227880.0,227880.0,227880.0
1994,10,65,24,A,1,98184.0,98184.0,98184.0,98184.0
1994,10,74,12,A,1,17508.0,17508.0,17508.0,17508.0
1994,11,1,36,A,2,140400.0,48672.0,189072.0,94536.0
1994,11,1,48,A,1,61056.0,61056.0,61056.0,61056.0
1994,11,20,24,B,1,192552.0,192552.0,192552.0,192552.0
1994,11,31,36,B,1,164052.0,164052.0,164052.0,164052.0
1994,11,56,48,A,1,123696.0,123696.0,123696.0,123696.0
1994,11,70,12,A,1,83016.0,83016.0,83016.0,83016.0
1994,11,74,24,A,1,59760.0,59760.0,59760.0,59760.0
1994,12,1,12,A,1,31248.0,31248.0,31248.0,31248.0
1994,12,1,60,D,1,482940.0,482940.0,482940.0,482940.0
1994,12,29,24,A,1,51408.0,51408.0,51408.0,51408.0
1994,12,31,12,A,1,36684.0,36684.0,36684.0,36684.0
1994,12,45,36,A,1,115992.0,115992.0,115992.0,115992.0
1994,12,5,60,C,1,199680.0,199680.0,199680.0,199680.0
1994,12,54,60,C,1,100980.0,100980.0,100980.0,100980.0
1994,12,57,36,A,1,205200.0,205200.0,205200.0,205200.0
1994,12,74,60,C,1,398640.0,398640.0,398640.0,398640.0
1995,1,1,12,A,1,76380.0,76380.0,76380.0,76380.0
1995,1,1,24,A,1,76416.0,76416.0,76416.0,76416.0
1995,1,1,36,B,1,270648.0,270648.0,270648.0,270648.0
1995,1,24,12,A,1,95808.0,95808.0,95808.0,95808.0
1995,1,29,48,C,1,347952.0,347952.0,347952.0,347952.0
1995,1,48,60,D,1,137880.0,137880.0,137880.0,137880.0
1995,1,52,24,A,1,48624.0,48624.0,48624.0,48624.0
1995,1,63,36,A,1,288468.0,288468.0,288468.0,288468.0
1995,1,71,48,D,1,177744.0,177744.0,177744.0,177744.0
1995,1,75,12,A,1,68112.0,68112.0,68112.0,68112.0
1995,2,1,60,D,1,316140.0,316140.0,316140.0,316140.0
1995,2,24,24,A,1,97224.0,97224.0,97224.0,97224.0
1995,2,26,60,C,1,79920.0,79920.0,79920.0,79920.0
1995,2,38,48,C,1,20832.0,20832.0,20832.0,20832.0
1995,2,5,60,C,1,538500.0,538500.0,538500.0,538500.0
1995,2,61,12,A,1,43164.0,43164.0,43164.0,43164.0
1995,2,74,48,C,1,221280.0,221280.0,221280.0,221280.0
1995,2,74,48,D,1,151728.0,151728.0,151728.0,151728.0
1995,3,1,24,A,1,31728.0,31728.0,31728.0,31728.0
1995,3,1,24,B,1,168984.0,168984.0,168984.0,168984.0
1995,3,12,60,C,1,331560.0,331560.0,331560.0,331560.0
1995,3,25,48,D,1,99696.0,99696.0,99696.0,99696.0
1995,3,34,48,C,1,185952.0,185952.0,185952.0,185952.0
1995,3,40,12,A,1,15420.0,15420.0,15420.0,15420.0
1995,3,42,60,D,1,103680.0,103680.0,103680.0,103680.0
1995,3,47,24,A,1,28248.0,28248.0,28248.0,28248.0
1995,3,68,24,A,1,76680.0,76680.0,76680.0,76680.0
1995,3,70,24,A,1,134784.0,134784.0,134784.0,134784.0
1995,4,1,12,A,1,18564.0,18564.0,18564.0,18564.0
1995,4,11,24,A,1,126600.0,126600.0,126600.0,126600.0
1995,4,28,36,A,2,248148.0,156672.0,404820.0,202410.0
1995,4,52,48,C,1,158976.0,158976.0,158976.0,158976.0
1995,4,61,60,C,1,225420.0,225420.0,225420.0,225420.0
1995,4,64,24,A,1,47304.0,47304.0,47304.0,47304.0
1995,4,68,12,B,1,68400.0,68400.0,68400.0,68400.0
1995,4,74,24,A,1,104712.0,104712.0,104712.0,104712.0
1995,5,1,12,A,1,36396.0,36396.0,36396.0,36396.0
1995,5,38,36,A,1,71064.0,71064.0,71064.0,71064.0
1995,5,4,60,C,1,189060.0,189060.0,189060.0,189060.0
1995,5,48,60,C,1,158760.0,158760.0,158760.0,158760.0
1995,5,62,48,C,1,87216.0,87216.0,87216.0,87216.0
1995,5,65,24,B,1,187224.0,187224.0,187224.0,187224.0
1995,6,19,36,A,1,265320.0,265320.0,265320.0,265320.0
1995,6,26,24,A,1,29784.0,29784.0,29784.0,29784.0
1995,6,29,60,C,1,417060.0,417060.0,417060.0,417060.0
1995,6,41,24,A,1,198240.0,198240.0,198240.0,198240.0
1995,6,49,60,C,1,63360.0,63360.0,63360.0,63360.0
1995,6,61,24,A,1,139536.0,139536.0,139536.0,139536.0
1995,7,10,24,A,1,98592.0,98592.0,98592.0,98592.0
1995,7,5,60,C,1,285600.0,285600.0,285600.0,285600.0
1995,7,66,48,C,1,465072.0,465072.0,465072.0,465072.0
1995,7,72,60,C,1,60000.0,60000.0,60000.0,60000.0
1995,8,15,12,A,1,21396.0,21396.0,21396.0,21396.0
1995,8,19,24,A,1,45336.0,45336.0,45336.0,45336.0
1995,8,2,24,A,1,107640.0,107640.0,107640.0,107640.0
1995,8,64,48,C,1,33984.0,33984.0,33984.0,33984.0
1995,8,9,12,A,1,20220.0,20220.0,20220.0,20220.0
1995,8,9,24,A,1,44088.0,44088.0,44088.0,44088.0
1995,9,1,12,A,1,36168.0,36168.0,36168.0,36168.0
1995,9,2,60,C,1,85860.0,85860.0,85860.0,85860.0
1995,9,64,48,C,1,188688.0,188688.0,188688.0,188688.0
1995,9,72,48,C,1,309552.0,309552.0,309552.0,309552.0
1995,10,1,36,A,1,231696.0,231696.0,231696.0,231696.0
1995,10,1,60,C,1,419880.0,419880.0,419880.0,419880.0
1995,10,11,36,A,1,260028.0,260028.0,260028.0,260028.0
1995,10,20,60,C,1,266220.0,266220.0,266220.0,266220.0
1995,10,34,36,A,1,21852.0,21852.0,21852.0,21852.0
1995,10,39,36,A,1,73836.0,73836.0,73836.0,73836.0
1995,10,44,60,C,1,314520.0,314520.0,314520.0,314520.0
1995,10,62,12,A,1,37908.0,37908.0,37908.0,37908.0
1995,11,1,24,A,1,31176.0,31176.0,31176.0,31176.0
1995,11,11,24,B,1,137904.0,137904.0,137904.0,137904.0
1995,11,16,36,B,1,60156.0,60156.0,60156.0,60156.0
1995,11,19,60,C,1,182040.0,182040.0,182040.0,182040.0
1995,11,39,48,C,1,73056.0,73056.0,73056.0,73056.0
1995,11,43,12,A,1,41952.0,41952.0,41952.0,41952.0
1995,11,54,36,A,1,113796.0,113796.0,113796.0,113796.0
1995,11,65,48,C,1,244368.0,244368.0,244368.0,244368.0
1995,11,68,24,A,1,99336.0,99336.0,99336.0,99336.0
1995,12,1,60,C,1,125340.0,125340.0,125340.0,125340.0
1995,12,21,60,C,1,191880.0,191880.0,191880.0,191880.0
1995,12,31,24,A,2,104712.0,92976.0,197688.0,98844.0
1995,12,45,60,C,1,204000.0,204000.0,204000.0,204000.0
1995,12,52,12,A,1,27984.0,27984.0,27984.0,27984.0
1995,12,72,36,A,1,217152.0,217152.0,217152.0,217152.0
1995,12,72,48,C,1,309600.0,309600.0,309600.0,309600.0
1995,12,74,48,C,2,232560.0,194880.0,427440.0,213720.0
1996,1,19,24,A,1,189696.0,189696.0,189696.0,189696.0
1996,1,42,48,C,1,98832.0,98832.0,98832.0,98832.0
1996,1,50,48,C,1,135360.0,135360.0,135360.0,135360.0
1996,1,51,60,C,1,165120.0,165120.0,165120.0,165120.0
1996,1,58,48,C,1,20352.0,20352.0,20352.0,20352.0
1996,1,70,24,A,1,89880.0,89880.0,89880.0,89880.0
1996,2,13,24,B,1,61656.0,61656.0,61656.0,61656.0
1996,2,20,36,D,1,128988.0,128988.0,128988.0,128988.0
1996,2,31,24,B,1,72408.0,72408.0,72408.0,72408.0
1996,2,38,48,C,1,123216.0,123216.0,123216.0,123216.0
1996,2,52,60,D,1,290700.0,290700.0,290700.0,290700.0
1996,2,54,60,C,1,56100.0,56100.0,56100.0,56100.0
1996,2,65,36,C,1,113544.0,113544.0,113544.0,113544.0
1996,2,7,12,A,1,63252.0,63252.0,63252.0,63252.0
1996,2,74,60,C,1,380160.0,380160.0,380160.0,380160.0
1996,3,1,48,C,1,247728.0,247728.0,247728.0,247728.0
1996,3,31,36,C,1,202788.0,202788.0,202788.0,202788.0
1996,3,47,36,C,1,213300.0,213300.0,213300.0,213300.0
1996,3,70,48,D,1,100224.0,100224.0,100224.0,100224.0
1996,3,71,48,C,1,154656.0,154656.0,154656.0,154656.0
1996,4,1,48,D,1,320976.0,320976.0,320976.0,320976.0
1996,4,13,12,A,1,44628.0,44628.0,44628.0,44628.0
1996,4,21,12,B,2,30276.0,30276.0,60552.0,30276.0
1996,4,26,48,C,1,249312.0,249312.0,249312.0,249312.0
1996,4,44,36,D,1,277884.0,277884.0,277884.0,277884.0
1996,4,65,48,C,1,200976.0,200976.0,200976.0,200976.0
1996,4,69,48,D,1,215616.0,215616.0,215616.0,215616.0
1996,4,70,60,C,1,49440.0,49440.0,49440.0,49440.0
1996,5,14,36,C,1,173016.0,173016.0,173016.0,173016.0
1996,5,16,24,A,1,165960.0,165960.0,165960.0,165960.0
1996,5,20,60,C,1,220620.0,220620.0,220620.0,220620.0
1996,5,37,60,C,1,284280.0,284280.0,284280.0,284280.0
1996,5,62,48,C,1,320592.0,320592.0,320592.0,320592.0
1996,5,70,60,C,1,123600.0,123600.0,123600.0,123600.0
1996,5,72,36,C,1,161496.0,161496.0,161496.0,161496.0
1996,5,73,24,B,1,66480.0,66480.0,66480.0,66480.0
1996,6,28,60,C,1,30060.0,30060.0,30060.0,30060.0
1996,6,33,24,A,1,46320.0,46320.0,46320.0,46320.0
1996,6,38,36,C,1,176148.0,176148.0,176148.0,176148.0
1996,6,40,48,C,1,186384.0,186384.0,186384.0,186384.0
1996,6,64,48,C,1,360000.0,360000.0,360000.0,360000.0
1996,6,66,60,C,1,368880.0,368880.0,368880.0,368880.0
1996,7,1,36,C,1,20196.0,20196.0,20196.0,20196.0
1996,7,17,36,C,1,85716.0,85716.0,85716.0,85716.0
1996,7,24,36,C,1,19044.0,19044.0,19044.0,19044.0
1996,7,32,36,C,1,162468.0,162468.0,162468.0,162468.0
1996,7,37,24,A,1,155880.0,155880.0,155880.0,155880.0
1996,7,38,36,C,1,96768.0,96768.0,96768.0,96768.0
1996,7,43,48,C,1,32640.0,32640.0,32640.0,32640.0
1996,7,52,48,C,1,133968.0,133968.0,133968.0,133968.0
1996,7,54,12,A,1,11400.0,11400.0,11400.0,11400.0
1996,7,64,48,C,1,444864.0,444864.0,444864.0,444864.0
1996,7,68,36,C,1,141948.0,141948.0,141948.0,141948.0
1996,7,72,24,A,1,187104.0,187104.0,187104.0,187104.0
1996,8,1,36,C,1,258444.0,258444.0,258444.0,258444.0
1996,8,15,12,A,1,44376.0,44376.0,44376.0,44376.0
1996,8,3,48,C,1,270384.0,270384.0,270384.0,270384.0
1996,8,32,24,A,1,91152.0,91152.0,91152.0,91152.0
1996,8,4,60,C,1,402000.0,402000.0,402000.0,402000.0
1996,8,5,24,A,1,155640.0,155640.0,155640.0,155640.0
1996,8,52,24,A,1,141648.0,141648.0,141648.0,141648.0
1996,8,59,36,D,1,253512.0,253512.0,253512.0,253512.0
1996,8,59,60,C,1,148920.0,148920.0,148920.0,148920.0
1996,8,60,60,C,2,89340.0,89340.0,178680.0,89340.0
1996,8,61,12,A,1,54024.0,54024.0,54024.0,54024.0
1996,8,64,48,C,1,85632.0,85632.0,85632.0,85632.0
1996,8,69,48,D,1,388512.0,388512.0,388512.0,388512.0
1996,9,1,36,C,2,71460.0,68832.0,140292.0,70146.0
1996,9,12,36,C,1,74124.0,74124.0,74124.0,74124.0
1996,9,24,24,A,1,15192.0,15192.0,15192.0,15192.0
1996,9,47,48,C,1,174048.0,174048.0,174048.0,174048.0
1996,9,48,60,C,1,181020.0,181020.0,181020.0,181020.0
1996,9,60,36,C,1,54396.0,54396.0,54396.0,54396.0
1996,9,64,12,A,1,96168.0,96168.0,96168.0,96168.0
1996,9,69,24,A,1,84120.0,84120.0,84120.0,84120.0
1996,9,72,12,B,1,29448.0,29448.0,29448.0,29448.0
1996,9,73,36,D,1,139464.0,139464.0,139464.0,139464.0
1996,9,77,36,C,1,48744.0,48744.0,48744.0,48744.0
1996,9,8,36,C,1,194940.0,194940.0,194940.0,194940.0
1996,10,1,12,A,1,101520.0,101520.0,101520.0,101520.0
1996,10,1,36,C,1,77184.0,77184.0,77184.0,77184.0
1996,10,1,48,C,1,70656.0,70656.0,70656.0,70656.0
1996,10,12,60,C,1,392460.0,392460.0,392460.0,392460.0
1996,10,13,60,C,1,262980.0,262980.0,262980.0,262980.0
1996,10,16,36,C,1,22968.0,22968.0,22968.0,22968.0
1996,10,19,60,C,1,396120.0,396120.0,396120.0,396120.0
1996,10,27,48,C,1,64656.0,64656.0,64656.0,64656.0
1996,10,62,36,C,1,192744.0,192744.0,192744.0,192744.0
1996,10,64,60,C,1,372120.0,372120.0,372120.0,372120.0
1996,10,70,12,A,2,86184.0,86184.0,172368.0,86184.0
1996,10,9,24,A,1,93600.0,93600.0,93600.0,93600.0
1996,11,1,24,A,1,110136.0,110136.0,110136.0,110136.0
1996,11,1,36,C,1,228276.0,228276.0,228276.0,228276.0
1996,11,14,48,C,1,421008.0,421008.0,421008.0,421008.0
1996,11,14,60,C,1,321180.0,321180.0,321180.0,321180.0
1996,11,31,12,A,1,61560.0,61560.0,61560.0,61560.0
1996,11,37,24,A,1,68544.0,68544.0,68544.0,68544.0
1996,11,40,12,A,1,88440.0,88440.0,88440.0,88440.0
1996,11,43,60,C,1,359760.0,359760.0,359760.0,359760.0
1996,11,52,12,A,1,72120.0,72120.0,72120.0,72120.0
1996,11,53,24,A,1,110112.0,110112.0,110112.0,110112.0
1996,11,54,48,C,1,179328.0,179328.0,179328.0,179328.0
1996,11,62,48,C,2,182640.0,46176.0,228816.0,114408.0
1996,11,64,60,C,1,276300.0,276300.0,276300.0,276300.0
1996,12,10,48,C,1,155616.0,155616.0,155616.0,155616.0
1996,12,16,36,C,1,115812.0,115812.0,115812.0,115812.0
1996,12,29,60,D,1,222180.0,222180.0,222180.0,222180.0
1996,12,39,24,A,1,123408.0,123408.0,123408.0,123408.0
1996,12,55,60,C,1,417600.0,417600.0,417600.0,417600.0
1996,12,67,24,A,1,129408.0,129408.0,129408.0,129408.0
1996,12,70,48,C,1,45024.0,45024.0,45024.0,45024.0
1996,12,72,48,C,1,155616.0,155616.0,155616.0,155616.0
1997,1,14,48,C,1,232560.0,232560.0,232560.0,232560.0
1997,1,22,36,D,1,260640.0,260640.0,260640.0,260640.0
1997,1,4,60,C,1,68340.0,68340.0,68340.0,68340.0
1997,1,42,12,A,1,38520.0,38520.0,38520.0,38520.0
1997,1,45,60,C,1,93960.0,93960.0,93960.0,93960.0
1997,1,46,48,C,1,390096.0,390096.0,390096.0,390096.0
1997,1,5,36,C,1,67320.0,67320.0,67320.0,67320.0
1997,1,57,12,A,1,23184.0,23184.0,23184.0,23184.0
1997,1,63,60,C,1,186300.0,186300.0,186300.0,186300.0
1997,1,9,60,C,1,221880.0,221880.0,221880.0,221880.0
1997,2,1,60,C,1,415800.0,415800.0,415800.0,415800.0
1997,2,19,12,A,1,53076.0,53076.0,53076.0,53076.0
1997,2,21,12,A,1,116832.0,116832.0,116832.0,116832.0
1997,2,24,24,C,1,72504.0,72504.0,72504.0,72504.0
1997,2,26,48,C,1,59136.0,59136.0,59136.0,59136.0
1997,2,36,48,C,1,475680.0,475680.0,475680.0,475680.0
1997,2,38,24,C,1,44304.0,44304.0,44304.0,44304.0
1997,2,43,24,D,1,71976.0,71976.0,71976.0,71976.0
1997,2,49,60,C,1,117420.0,117420.0,117420.0,117420.0
1997,2,6,60,C,1,317520.0,317520.0,317520.0,317520.0
1997,2,67,48,D,1,247920.0,247920.0,247920.0,247920.0
1997,2,68,48,C,1,35904.0,35904.0,35904.0,35904.0
1997,2,70,60,C,1,73260.0,73260.0,73260.0,73260.0
1997,2,74,24,C,1,146064.0,146064.0,146064.0,146064.0
1997,3,1,12,A,1,17184.0,17184.0,17184.0,17184.0
1997,3,1,24,C,1,94488.0,94488.0,94488.0,94488.0
1997,3,17,12,A,1,91632.0,91632.0,91632.0,91632.0
1997,3,23,48,C,1,88704.0,88704.0,88704.0,88704.0
1997,3,28,36,C,1,90180.0,90180.0,90180.0,90180.0
1997,3,3,24,D,1,66696.0,66696.0,66696.0,66696.0
1997,3,34,12,A,2,67464.0,67464.0,134928.0,67464.0
1997,3,37,48,C,2,119136.0,83280.0,202416.0,101208.0
1997,3,5,12,A,1,76080.0,76080.0,76080.0,76080.0
1997,3,52,36,C,1,22932.0,22932.0,22932.0,22932.0
1997,3,54,36,D,1,84600.0,84600.0,84600.0,84600.0
1997,3,57,48,C,1,84288.0,84288.0,84288.0,84288.0
1997,3,60,60,C,1,150180.0,150180.0,150180.0,150180.0
1997,3,66,12,A,1,67980.0,67980.0,67980.0,67980.0
1997,3,69,12,A,1,90156.0,90156.0,90156.0,90156.0
1997,3,70,48,C,1,162624.0,162624.0,162624.0,162624.0
1997,3,8,24,C,1,97176.0,97176.0,97176.0,97176.0
1997,3,9,60,C,1,341280.0,341280.0,341280.0,341280.0
1997,4,1,24,C,1,99936.0,99936.0,99936.0,99936.0
1997,4,11,48,C,1,164256.0,164256.0,164256.0,164256.0
1997,4,13,36,C,1,148140.0,148140.0,148140.0,148140.0
1997,4,16,12,A,1,98304.0,98304.0,98304.0,98304.0
1997,4,25,60,C,1,18720.0,18720.0,18720.0,18720.0
1997,4,43,36,C,1,124344.0,124344.0,124344.0,124344.0
1997,4,58,60,C,1,102240.0,102240.0,102240.0,102240.0
1997,4,64,60,D,1,293880.0,293880.0,293880.0,293880.0
1997,4,71,12,A,1,27456.0,27456.0,27456.0,27456.0
1997,4,73,12,A,1,74040.0,74040.0,74040.0,74040.0
1997,4,75,60,C,1,399120.0,399120.0,399120.0,399120.0
1997,4,8,24,D,1,196800.0,196800.0,196800.0,196800.0
1997,5,1,36,C,1,165168.0,165168.0,165168.0,165168.0
1997,5,1,60,C,2,268320.0,100260.0,368580.0,184290.0
1997,5,15,24,C,1,66840.0,66840.0,66840.0,66840.0
1997,5,18,48,C,1,159744.0,159744.0,159744.0,159744.0
1997,5,27,60,C,1,239160.0,239160.0,239160.0,239160.0
1997,5,47,24,C,1,50112.0,50112.0,50112.0,50112.0
1997,5,53,60,D,1,307200.0,307200.0,307200.0,307200.0
1997,5,57,48,C,1,335280.0,335280.0,335280.0,335280.0
1997,5,63,24,C,1,106944.0,106944.0,106944.0,106944.0
1997,5,64,12,A,1,39024.0,39024.0,39024.0,39024.0
1997,5,64,36,C,1,164196.0,164196.0,164196.0,164196.0
1997,5,67,36,C,1,220428.0,220428.0,220428.0,220428.0
1997,5,68,12,A,1,39576.0,39576.0,39576.0,39576.0
1997,5,72,48,C,1,53232.0,53232.0,53232.0,53232.0
1997,5,74,24,C,1,76992.0,76992.0,76992.0,76992.0
1997,6,1,12,A,1,34572.0,34572.0,34572.0,34572.0
1997,6,1,48,C,1,88272.0,88272.0,88272.0,88272.0
1997,6,21,12,A,1,86880.0,86880.0,86880.0,86880.0
1997,6,26,60,D,1,272220.0,272220.0,272220.0,272220.0
1997,6,28,60,C,1,213300.0,213300.0,213300.0,213300.0
1997,6,4,36,C,1,233424.0,233424.0,233424.0,233424.0
1997,6,42,48,C,1,207264.0,207264.0,207264.0,207264.0
1997,6,5,24,C,1,87360.0,87360.0,87360.0,87360.0
1997,6,50,36,C,1,150912.0,150912.0,150912.0,150912.0
1997,6,51,12,A,1,42900.0,42900.0,42900.0,42900.0
1997,6,51,48,C,1,288720.0,288720.0,288720.0,288720.0
1997,6,51,60,C,1,309660.0,309660.0,309660.0,309660.0
1997,6,54,48,C,1,385104.0,385104.0,385104.0,385104.0
1997,6,59,24,C,1,188616.0,188616.0,188616.0,188616.0
1997,6,6,48,C,1,466608.0,466608.0,466608.0,466608.0
1997,6,65,48,C,1,100080.0,100080.0,100080.0,100080.0
1997,6,70,24,D,1,59448.0,59448.0,59448.0,59448.0
1997,6,70,48,C,1,305424.0,305424.0,305424.0,305424.0
1997,6,74,60,C,1,285240.0,285240.0,285240.0,285240.0
1997,6,8,60,C,1,31620.0,31620.0,31620.0,31620.0
1997,6,9,12,A,1,33348.0,33348.0,33348.0,33348.0
1997,7,1,12,A,1,77808.0,77808.0,77808.0,77808.0
1997,7,14,48,D,1,333648.0,333648.0,333648.0,333648.0
1997,7,47,60,C,1,369000.0,369000.0,369000.0,369000.0
1997,7,50,48,C,1,191088.0,191088.0,191088.0,191088.0
1997,7,54,24,C,1,67608.0,67608.0,67608.0,67608.0
1997,7,54,48,C,2,294384.0,41856.0,336240.0,168120.0
1997,7,54,48,D,1,357840.0,357840.0,357840.0,357840.0
1997,7,55,36,C,1,74772.0,74772.0,74772.0,74772.0
1997,7,59,12,A,1,18324.0,18324.0,18324.0,18324.0
1997,7,70,12,A,1,33144.0,33144.0,33144.0,33144.0
1997,7,70,48,C,1,210384.0,210384.0,210384.0,210384.0
1997,8,1,12,A,1,76944.0,76944.0,76944.0,76944.0
1997,8,1,60,C,1,390660.0,390660.0,390660.0,390660.0
1997,8,27,60,C,1,300600.0,300600.0,300600.0,300600.0
1997,8,29,60,C,1,97980.0,97980.0,97980.0,97980.0
1997,8,32,48,C,1,57120.0,57120.0,57120.0,57120.0
1997,8,33,48,C,1,289920.0,289920.0,289920.0,289920.0
1997,8,50,24,C,1,48312.0,48312.0,48312.0,48312.0
1997,8,50,24,D,1,100800.0,100800.0,100800.0,100800.0
1997,8,51,24,C,1,78600.0,78600.0,78600.0,78600.0
1997,8,54,36,C,2,83628.0,83628.0,167256.0,83628.0
1997,8,54,60,C,1,116040.0,116040.0,116040.0,116040.0
1997,8,59,48,C,1,153504.0,153504.0,153504.0,153504.0
1997,8,59,60,C,1,99300.0,99300.0,99300.0,99300.0
1997,8,6,12,B,1,57360.0,57360.0,57360.0,57360.0
1997,8,61,12,B,1,51360.0,51360.0,51360.0,51360.0
1997,8,62,60,C,1,405780.0,405780.0,405780.0,405780.0
1997,8,70,12,A,2,97392.0,92400.0,189792.0,94896.0
1997,8,74,12,A,2,102876.0,68124.0,171000.0,85500.0
1997,8,76,48,C,1,202848.0,202848.0,202848.0,202848.0
1997,9,1,48,C,1,271584.0,271584.0,271584.0,271584.0
1997,9,26,24,C,1,66432.0,66432.0,66432.0,66432.0
1997,9,35,48,C,1,127200.0,127200.0,127200.0,127200.0
1997,9,36,36,C,2,162576.0,128268.0,290844.0,145422.0
1997,9,47,36,C,1,158184.0,158184.0,158184.0,158184.0
1997,9,5,36,C,1,177804.0,177804.0,177804.0,177804.0
1997,9,53,12,A,2,23520.0,14028.0,37548.0,18774.0
1997,9,53,48,C,1,389136.0,389136.0,389136.0,389136.0
1997,9,54,60,C,1,204780.0,204780.0,204780.0,204780.0
1997,9,54,60,D,1,473280.0,473280.0,473280.0,473280.0
1997,9,59,24,C,1,8616.0,8616.0,8616.0,8616.0
1997,9,6,48,D,1,360864.0,360864.0,360864.0,360864.0
1997,9,74,12,B,1,94512.0,94512.0,94512.0,94512.0
1997,9,74,24,C,1,128544.0,128544.0,128544.0,128544.0
1997,9,74,36,C,1,214596.0,214596.0,214596.0,214596.0
1997,9,76,48,C,1,311232.0,311232.0,311232.0,311232.0
1997,10,1,12,A,2,89280.0,44940.0,134220.0,67110.0
1997,10,1,24,C,2,197808.0,44952.0,242760.0,121380.0
1997,10,23,48,C,1,79344.0,79344.0,79344.0,79344.0
1997,10,27,36,C,2,153144.0,107352.0,260496.0,130248.0
1997,10,29,36,C,1,26208.0,26208.0,26208.0,26208.0
1997,10,32,24,C,1,48096.0,48096.0,48096.0,48096.0
1997,10,54,60,C,1,590820.0,590820.0,590820.0,590820.0
1997,10,57,48,C,1,349392.0,349392.0,349392.0,349392.0
1997,10,58,24,C,1,68664.0,68664.0,68664.0,68664.0
1997,10,68,60,C,1,230400.0,230400.0,230400.0,230400.0
1997,10,72,36,C,1,78696.0,78696.0,78696.0,78696.0
1997,10,73,60,D,1,260400.0,260400.0,260400.0,260400.0
1997,11,1,60,C,1,203940.0,203940.0,203940.0,203940.0
1997,11,11,24,C,1,59448.0,59448.0,59448.0,59448.0
1997,11,27,12,A,1,12540.0,12540.0,12540.0,12540.0
1997,11,3,60,D,1,460980.0,460980.0,460980.0,460980.0
1997,11,4,24,D,1,129312.0,129312.0,129312.0,129312.0
1997,11,46,48,C,1,219456.0,219456.0,219456.0,219456.0
1997,11,48,36,C,1,238716.0,238716.0,238716.0,238716.0
1997,11,50,60,D,1,385560.0,385560.0,385560.0,385560.0
1997,11,55,36,D,1,63972.0,63972.0,63972.0,63972.0
1997,11,69,24,C,1,194256.0,194256.0,194256.0,194256.0
1997,11,70,60,D,1,541200.0,541200.0,541200.0,541200.0
1997,11,73,36,C,1,168264.0,168264.0,168264.0,168264.0
1997,11,9,12,A,1,53472.0,53472.0,53472.0,53472.0
1997,12,13,12,A,1,79824.0,79824.0,79824.0,79824.0
1997,12,16,48,C,1,130464.0,130464.0,130464.0,130464.0
1997,12,19,48,C,1,177504.0,177504.0,177504.0,177504.0
1997,12,2,36,C,1,77544.0,77544.0,77544.0,77544.0
1997,12,3,12,A,1,19248.0,19248.0,19248.0,19248.0
1997,12,33,24,C,1,155760.0,155760.0,155760.0,155760.0
1997,12,34,48,C,1,247920.0,247920.0,247920.0,247920.0
1997,12,36,36,C,1,106128.0,106128.0,106128.0,106128.0
1997,12,36,60,C,1,24180.0,24180.0,24180.0,24180.0
1997,12,44,36,D,1,265320.0,265320.0,265320.0,265320.0
1997,12,46,60,C,1,468060.0,468060.0,468060.0,468060.0
1997,12,52,60,C,1,293160.0,293160.0,293160.0,293160.0
1997,12,60,36,C,1,49320.0,49320.0,49320.0,49320.0
1997,12,61,24,C,1,116496.0,116496.0,116496.0,116496.0
1997,12,63,24,C,1,24792.0,24792.0,24792.0,24792.0
1997,12,68,12,A,2,30276.0,30276.0,60552.0,30276.0
1997,12,69,60,C,1,348120.0,348120.0,348120.0,348120.0
1997,12,70,12,A,1,42840.0,42840.0,42840.0,42840.0
1997,12,72,48,D,1,465504.0,465504.0,465504.0,465504.0
1997,12,74,24,C,1,100128.0,100128.0,100128.0,100128.0
1997,12,75,12,A,1,45768.0,45768.0,45768.0,45768.0
1997,12,77,24,C,1,87528.0,87528.0,87528.0,87528.0
1998,1,1,12,C,1,63576.0,63576.0,63576.0,63576.0
1998,1,1,24,C,1,66696.0,66696.0,66696.0,66696.0
1998,1,1,36,C,1,37944.0,37944.0,37944.0,37944.0
1998,1,1,48,C,1,218064.0,218064.0,218064.0,218064.0
1998,1,1,60,C,1,566640.0,566640.0,566640.0,566640.0
1998,1,17,60,C,1,152160.0,152160.0,152160.0,152160.0
1998,1,19,24,C,1,125472.0,125472.0,125472.0,125472.0
1998,1,19,48,D,1,407952.0,407952.0,407952.0,407952.0
1998,1,22,24,C,1,136368.0,136368.0,136368.0,136368.0
1998,1,3,60,C,1,504000.0,504000.0,504000.0,504000.0
1998,1,34,12,C,1,22104.0,22104.0,22104.0,22104.0
1998,1,36,12,C,1,31260.0,31260.0,31260.0,31260.0
1998,1,40,12,C,1,42384.0,42384.0,42384.0,42384.0
1998,1,41,36,C,1,123300.0,123300.0,123300.0,123300.0
1998,1,47,24,C,1,35856.0,35856.0,35856.0,35856.0
1998,1,53,36,C,1,176328.0,176328.0,176328.0,176328.0
1998,1,55,36,C,1,143676.0,143676.0,143676.0,143676.0
1998,1,56,60,C,1,61320.0,61320.0,61320.0,61320.0
1998,1,6,24,C,1,64224.0,64224.0,64224.0,64224.0
1998,1,68,12,C,1,57060.0,57060.0,57060.0,57060.0
1998,1,68,48,C,1,170448.0,170448.0,170448.0,170448.0
1998,1,70,48,C,1,267600.0,267600.0,267600.0,267600.0
1998,1,72,12,C,1,23412.0,23412.0,23412.0,23412.0
1998,2,1,48,C,1,428784.0,428784.0,428784.0,428784.0
1998,2,10,24,C,1,160656.0,160656.0,160656.0,160656.0
1998,2,12,24,C,1,133800.0,133800.0,133800.0,133800.0
1998,2,14,60,C,1,321240.0,321240.0,321240.0,321240.0
1998,2,21,36,C,1,156096.0,156096.0,156096.0,156096.0
1998,2,28,60,C,1,215040.0,215040.0,215040.0,215040.0
1998,2,44,24,C,1,153936.0,153936.0,153936.0,153936.0
1998,2,50,60,C,1,220440.0,220440.0,220440.0,220440.0
1998,2,54,12,C,1,93036.0,93036.0,93036.0,93036.0
1998,2,57,48,C,1,194160.0,194160.0,194160.0,194160.0
1998,2,69,24,C,1,122472.0,122472.0,122472.0,122472.0
1998,2,73,60,C,2,374760.0,178500.0,553260.0,276630.0
1998,2,76,48,C,1,196224.0,196224.0,196224.0,196224.0
1998,3,1,36,C,1,157068.0,157068.0,157068.0,157068.0
1998,3,1,60,C,1,194280.0,194280.0,194280.0,194280.0
1998,3,11,12,C,1,49044.0,49044.0,49044.0,49044.0
1998,3,12,12,C,1,40632.0,40632.0,40632.0,40632.0
1998,3,29,48,C,1,84288.0,84288.0,84288.0,84288.0
1998,3,37,24,C,1,133848.0,133848.0,133848.0,133848.0
1998,3,42,12,C,1,23328.0,23328.0,23328.0,23328.0
1998,3,47,48,C,1,240528.0,240528.0,240528.0,240528.0
1998,3,5,36,C,1,22356.0,22356.0,22356.0,22356.0
1998,3,50,12,D,1,36204.0,36204.0,36204.0,36204.0
1998,3,52,60,C,1,334620.0,334620.0,334620.0,334620.0
1998,3,56,60,C,1,272220.0,272220.0,272220.0,272220.0
1998,3,9,36,C,1,52236.0,52236.0,52236.0,52236.0
1998,4,1,24,C,1,74352.0,74352.0,74352.0,74352.0
1998,4,1,48,C,1,279072.0,279072.0,279072.0,279072.0
1998,4,15,60,C,1,140880.0,140880.0,140880.0,140880.0
1998,4,19,12,C,1,41256.0,41256.0,41256.0,41256.0
1998,4,19,48,C,2,110736.0,110736.0,221472.0,110736.0
1998,4,2,36,C,1,93888.0,93888.0,93888.0,93888.0
1998,4,24,60,C,1,321360.0,321360.0,321360.0,321360.0
1998,4,45,36,C,1,50976.0,50976.0,50976.0,50976.0
1998,4,46,48,C,1,339168.0,339168.0,339168.0,339168.0
1998,4,51,60,C,1,191580.0,191580.0,191580.0,191580.0
1998,4,6,12,C,1,104964.0,104964.0,104964.0,104964.0
1998,4,70,36,C,1,188532.0,188532.0,188532.0,188532.0
1998,4,71,24,C,1,49488.0,49488.0,49488.0,49488.0
1998,4,9,48,C,1,144960.0,144960.0,144960.0,144960.0
1998,5,1,12,C,2,45720.0,5148.0,50868.0,25434.0
1998,5,1,24,C,1,136344.0,136344.0,136344.0,136344.0
1998,5,13,12,C,1,45456.0,45456.0,45456.0,45456.0
1998,5,16,48,C,2,140688.0,140688.0,281376.0,140688.0
1998,5,19,24,C,1,140064.0,140064.0,140064.0,140064.0
1998,5,34,36,C,1,10944.0,10944.0,10944.0,10944.0
1998,5,36,24,C,1,43200.0,43200.0,43200.0,43200.0
1998,5,38,24,C,1,130896.0,130896.0,130896.0,130896.0
1998,5,50,24,C,1,174960.0,174960.0,174960.0,174960.0
1998,5,68,36,C,1,81144.0,81144.0,81144.0,81144.0
1998,5,69,60,C,1,495180.0,495180.0,495180.0,495180.0
1998,5,70,60,C,1,22260.0,22260.0,22260.0,22260.0
1998,5,71,36,C,1,112752.0,112752.0,112752.0,112752.0
1998,5,77,12,C,1,49872.0,49872.0,49872.0,49872.0
1998,6,1,36,C,1,212976.0,212976.0,212976.0,212976.0
1998,6,1,48,C,1,234336.0,234336.0,234336.0,234336.0
1998,6,16,36,C,1,269964.0,269964.0,269964.0,269964.0
1998,6,2,48,C,1,314688.0,314688.0,314688.0,314688.0
1998,6,25,60,C,1,152460.0,152460.0,152460.0,152460.0
1998,6,27,48,C,1,78720.0,78720.0,78720.0,78720.0
1998,6,42,48,C,1,390000.0,390000.0,390000.0,390000.0
1998,6,45,60,C,1,184620.0,184620.0,184620.0,184620.0
1998,6,46,60,C,1,185640.0,185640.0,185640.0,185640.0
1998,6,48,12,C,1,30012.0,30012.0,30012.0,30012.0
1998,6,52,60,C,1,156420.0,156420.0,156420.0,156420.0
1998,6,6,36,C,1,151200.0,151200.0,151200.0,151200.0
1998,6,62,24,C,1,76104.0,76104.0,76104.0,76104.0
1998,6,63,36,C,1,71820.0,71820.0,71820.0,71820.0
1998,6,64,48,C,1,69600.0,69600.0,69600.0,69600.0
1998,6,7,48,C,1,225504.0,225504.0,225504.0,225504.0
1998,7,2,36,C,1,208332.0,208332.0,208332.0,208332.0
1998,7,37,60,C,1,271260.0,271260.0,271260.0,271260.0
1998,7,38,60,C,1,64860.0,64860.0,64860.0,64860.0
1998,7,42,48,C,1,331584.0,331584.0,331584.0,331584.0
1998,7,5,60,C,1,290820.0,290820.0,290820.0,290820.0
1998,7,53,60,C,1,170700.0,170700.0,170700.0,170700.0
1998,7,54,12,C,1,58764.0,58764.0,58764.0,58764.0
1998,7,54,60,C,1,280440.0,280440.0,280440.0,280440.0
1998,7,56,12,C,1,12792.0,12792.0,12792.0,12792.0
1998,7,6,60,C,1,108720.0,108720.0,108720.0,108720.0
1998,7,64,36,C,1,210744.0,210744.0,210744.0,210744.0
1998,7,66,12,C,1,88608.0,88608.0,88608.0,88608.0
1998,7,67,48,D,1,335184.0,335184.0,335184.0,335184.0
1998,7,70,12,C,1,109344.0,109344.0,109344.0,109344.0
1998,7,76,60,C,1,31140.0,31140.0,31140.0,31140.0
1998,7,8,36,C,1,96984.0,96984.0,96984.0,96984.0
1998,8,17,36,C,1,86184.0,86184.0,86184.0,86184.0
1998,8,55,48,C,1,249792.0,249792.0,249792.0,249792.0
1998,8,68,60,C,1,437460.0,437460.0,437460.0,437460.0
1998,8,71,24,C,1,172272.0,172272.0,172272.0,172272.0
1998,8,73,48,C,1,231168.0,231168.0,231168.0,231168.0
1998,9,1,24,C,1,209040.0,209040.0,209040.0,209040.0
1998,9,1,36,C,1,74916.0,74916.0,74916.0,74916.0
1998,9,1,48,C,1,321936.0,321936.0,321936.0,321936.0
1998,9,15,48,C,1,170832.0,170832.0,170832.0,170832.0
1998,9,27,12,C,1,37812.0,37812.0,37812.0,37812.0
1998,9,28,48,C,1,385584.0,385584.0,385584.0,385584.0
1998,9,34,24,C,1,125472.0,125472.0,125472.0,125472.0
1998,9,39,60,C,1,253560.0,253560.0,253560.0,253560.0
1998,9,44,36,C,1,113436.0,113436.0,113436.0,113436.0
1998,9,52,60,C,1,253200.0,253200.0,253200.0,253200.0
1998,9,58,60,C,1,174840.0,174840.0,174840.0,174840.0
1998,9,7,24,C,1,39168.0,39168.0,39168.0,39168.0
1998,9,72,12,C,1,42816.0,42816.0,42816.0,42816.0
1998,9,76,36,C,1,88200.0,88200.0,88200.0,88200.0
1998,10,20,60,D,1,318480.0,318480.0,318480.0,318480.0
1998,10,29,24,C,1,82128.0,82128.0,82128.0,82128.0
1998,10,33,12,C,1,17952.0,17952.0,17952.0,17952.0
1998,10,38,60,C,1,327660.0,327660.0,327660.0,327660.0
1998,10,47,48,C,1,189792.0,189792.0,189792.0,189792.0
1998,10,56,36,C,1,185544.0,185544.0,185544.0,185544.0
1998,10,59,24,C,2,44640.0,44640.0,89280.0,44640.0
1998,10,62,60,C,1,165780.0,165780.0,165780.0,165780.0
1998,10,7,12,C,1,38496.0,38496.0,38496.0,38496.0
1998,11,1,36,C,2,276084.0,99216.0,375300.0,187650.0
1998,11,14,48,C,1,91248.0,91248.0,91248.0,91248.0
1998,11,32,48,C,1,16032.0,16032.0,16032.0,16032.0
1998,11,50,60,C,1,317460.0,317460.0,317460.0,317460.0
1998,11,52,36,C,1,69624.0,69624.0,69624.0,69624.0
1998,11,7,24,C,1,99744.0,99744.0,99744.0,99744.0
1998,11,77,12,C,1,41988.0,41988.0,41988.0,41988.0
1998,12,13,36,C,1,230220.0,230220.0,230220.0,230220.0
1998,12,18,36,C,1,163332.0,163332.0,163332.0,163332.0
1998,12,21,48,C,1,352704.0,352704.0,352704.0,352704.0
1998,12,3,24,C,1,139488.0,139488.0,139488.0,139488.0
1998,12,38,36,C,1,160920.0,160920.0,160920.0,160920.0
1998,12,55,12,C,1,52512.0,52512.0,52512.0,52512.0
1998,12,60,60,C,1,240900.0,240900.0,240900.0,240900.0
1998,12,70,24,C,1,55632.0,55632.0,55632.0,55632.0
